DRG Definition,Total Discharges,Average Covered Charges,Average Total Payments,Average Medicare Payments
001 - HEART TRANSPLANT OR IMPLANT OF HEART ASSIST SYSTEM W MCC,2357,1016316.685,260410.1735,231820.9898
002 - HEART TRANSPLANT OR IMPLANT OF HEART ASSIST SYSTEM W/O MCC,204,560864.1177,149199.1177,118735.799
"003 - ECMO OR TRACH W MV >96 HRS OR PDX EXC FACE, MOUTH & NECK W MAJ O.R.",16197,606731.937,146087.6698,130930.0792
"004 - TRACH W MV >96 HRS OR PDX EXC FACE, MOUTH & NECK W/O MAJ O.R.",14385,349969.5297,81097.80647,72769.26298
005 - LIVER TRANSPLANT W MCC OR INTESTINAL TRANSPLANT,1355,562753.7011,125027.1292,97767.14908
006 - LIVER TRANSPLANT W/O MCC,527,327556.9032,58796.28084,40220.86528
007 - LUNG TRANSPLANT,619,607977.9952,115194.4394,90899.10178
008 - SIMULTANEOUS PANCREAS/KIDNEY TRANSPLANT,440,423016.4136,75249.77727,46411.96818
010 - PANCREAS TRANSPLANT,58,287184.0345,58916.7069,30428.43103
"011 - TRACHEOSTOMY FOR FACE,MOUTH & NECK DIAGNOSES W MCC",1856,184229.0695,46535.76994,41006.66218
"012 - TRACHEOSTOMY FOR FACE,MOUTH & NECK DIAGNOSES W CC",1809,147854.9735,34782.8126,28607.09287
"013 - TRACHEOSTOMY FOR FACE,MOUTH & NECK DIAGNOSES W/O CC/MCC",613,89583.70473,20693.33932,16413.22512
014 - ALLOGENEIC BONE MARROW TRANSPLANT,954,430512.7925,126062.5021,104989.0493
016 - AUTOLOGOUS BONE MARROW TRANSPLANT W CC/MCC,2093,239792.4859,62630.7936,50881.76875
017 - AUTOLOGOUS BONE MARROW TRANSPLANT W/O CC/MCC,136,157662.4412,41261.72794,30262.51471
020 - INTRACRANIAL VASCULAR PROCEDURES W PDX HEMORRHAGE W MCC,1499,384297.3289,88043.73582,77620.36491
021 - INTRACRANIAL VASCULAR PROCEDURES W PDX HEMORRHAGE W CC,366,262370.5191,63801.93989,53560.97814
022 - INTRACRANIAL VASCULAR PROCEDURES W PDX HEMORRHAGE W/O CC/MCC,93,177372.8925,41773.10753,32966.22581
023 - CRANIOTOMY W MAJOR DEVICE IMPLANT OR ACUTE CNS PDX W MCC OR CHEMOTHE,9419,191904.0952,44083.01847,38829.65612
024 - CRANIO W MAJOR DEV IMPL/ACUTE COMPLEX CNS PDX W/O MCC,3462,136816.6716,31423.5156,27420.45292
025 - CRANIOTOMY & ENDOVASCULAR INTRACRANIAL PROCEDURES W MCC,20968,154342.2101,35072.89565,30414.3367
026 - CRANIOTOMY & ENDOVASCULAR INTRACRANIAL PROCEDURES W CC,8883,106616.8891,24611.03152,20832.10458
027 - CRANIOTOMY & ENDOVASCULAR INTRACRANIAL PROCEDURES W/O CC/MCC,10468,91332.30321,20399.15973,16605.58741
028 - SPINAL PROCEDURES W MCC,2183,178117.8305,44579.27943,39595.77416
029 - SPINAL PROCEDURES W CC OR SPINAL NEUROSTIMULATORS,3848,106210.0094,25655.13384,21480.92983
030 - SPINAL PROCEDURES W/O CC/MCC,1842,70441.11401,15562.43051,12273.09555
031 - VENTRICULAR SHUNT PROCEDURES W MCC,1086,133246.8204,32187.04144,27622.39687
032 - VENTRICULAR SHUNT PROCEDURES W CC,2025,76321.1442,16790.63358,13977.39259
033 - VENTRICULAR SHUNT PROCEDURES W/O CC/MCC,2780,58547.50719,12647.78453,10685.5795
034 - CAROTID ARTERY STENT PROCEDURE W MCC,766,122040.748,29820.17494,26035.91776
035 - CAROTID ARTERY STENT PROCEDURE W CC,2212,74225.21519,17002.74186,14837.42224
036 - CAROTID ARTERY STENT PROCEDURE W/O CC/MCC,3179,56479.42561,12341.05316,10700.92922
037 - EXTRACRANIAL PROCEDURES W MCC,4234,113182.2119,23969.92749,21093.64336
038 - EXTRACRANIAL PROCEDURES W CC,12483,61378.09517,11628.66026,9771.349595
039 - EXTRACRANIAL PROCEDURES W/O CC/MCC,26404,41972.96129,7873.314952,6148.232275
040 - PERIPH/CRANIAL NERVE & OTHER NERV SYST PROC W MCC,4911,130525.4518,30575.75117,26747.69151
041 - PERIPH/CRANIAL NERVE & OTHER NERV SYST PROC W CC OR PERIPH NEUROSTIM,6207,80069.78605,16583.68084,13707.44659
042 - PERIPH/CRANIAL NERVE & OTHER NERV SYST PROC W/O CC/MCC,2408,66330.20058,15163.93563,12135.34552
052 - SPINAL DISORDERS & INJURIES W CC/MCC,966,58874.60456,14244.47412,11499.25052
053 - SPINAL DISORDERS & INJURIES W/O CC/MCC,279,32592.33333,7462.90681,5202.419355
054 - NERVOUS SYSTEM NEOPLASMS W MCC,13549,50229.15566,11217.74234,8972.306812
055 - NERVOUS SYSTEM NEOPLASMS W/O MCC,5009,40085.83709,8707.807147,6772.874825
056 - DEGENERATIVE NERVOUS SYSTEM DISORDERS W MCC,12351,58963.91199,15005.09214,12717.6644
057 - DEGENERATIVE NERVOUS SYSTEM DISORDERS W/O MCC,29774,36589.62645,9879.124236,8073.45926
058 - MULTIPLE SCLEROSIS & CEREBELLAR ATAXIA W MCC,993,60967.94965,14646.67875,11752.85196
059 - MULTIPLE SCLEROSIS & CEREBELLAR ATAXIA W CC,3073,38556.84055,9170.821998,6677.925805
060 - MULTIPLE SCLEROSIS & CEREBELLAR ATAXIA W/O CC/MCC,2709,30746.30343,7424.515319,4975.547804
061 - ACUTE ISCHEMIC STROKE W USE OF THROMBOLYTIC AGENT W MCC,5363,104778.9256,20619.53962,18471.59761
"062 - ISCHEMIC STROKE, PRECEREBRAL OCCLUSION OR TRANSIENT ISCHEMIA W THROM",9840,75741.70762,14197.98526,11836.89675
063 - ACUTE ISCHEMIC STROKE W USE OF THROMBOLYTIC AGENT W/O CC/MCC,1945,66660.24679,12330.47506,9797.217995
064 - INTRACRANIAL HEMORRHAGE OR CEREBRAL INFARCTION W MCC,80984,61867.9174,13711.89688,11653.71008
065 - INTRACRANIAL HEMORRHAGE OR CEREBRAL INFARCTION W CC OR TPA IN 24 HRS,112379,37220.05546,7905.915305,6195.875929
066 - INTRACRANIAL HEMORRHAGE OR CEREBRAL INFARCTION W/O CC/MCC,36642,29568.56588,5949.459445,4231.946837
067 - NONSPECIFIC CVA & PRECEREBRAL OCCLUSION W/O INFARCT W MCC,920,53965.81304,10716.16304,8975.554348
068 - NONSPECIFIC CVA & PRECEREBRAL OCCLUSION W/O INFARCT W/O MCC,3951,36130.57125,6883.40977,5277.278157
069 - TRANSIENT ISCHEMIA,48161,31730.89658,5735.643072,4299.904113
070 - NONSPECIFIC CEREBROVASCULAR DISORDERS W MCC,16479,51987.13702,12422.52103,10727.21858
071 - NONSPECIFIC CEREBROVASCULAR DISORDERS W CC,16565,33088.24842,7470.59837,6013.271295
072 - NONSPECIFIC CEREBROVASCULAR DISORDERS W/O CC/MCC,4239,28132.16183,5823.653928,4342.033027
073 - CRANIAL & PERIPHERAL NERVE DISORDERS W MCC,7425,46771.40754,10883.0602,9204.632189
074 - CRANIAL & PERIPHERAL NERVE DISORDERS W/O MCC,17866,34847.01422,7672.80169,5933.885761
075 - VIRAL MENINGITIS W CC/MCC,723,52085.05533,12914.34578,10528.85339
076 - VIRAL MENINGITIS W/O CC/MCC,239,30665.36402,7717.050209,5656.573222
077 - HYPERTENSIVE ENCEPHALOPATHY W MCC,1969,53374.08888,12283.2707,10459.46369
078 - HYPERTENSIVE ENCEPHALOPATHY W CC,2773,34864.48828,7203.21493,5694.902993
079 - HYPERTENSIVE ENCEPHALOPATHY W/O CC/MCC,763,29204.82962,5304.44692,3766.456094
080 - NONTRAUMATIC STUPOR & COMA W MCC,604,58556.6308,11910.15232,9765.86755
081 - NONTRAUMATIC STUPOR & COMA W/O MCC,651,29392.8341,6342.25192,4990.637481
"082 - TRAUMATIC STUPOR & COMA, COMA >1 HR W MCC",5003,76497.24485,17362.93244,14894.81251
"083 - TRAUMATIC STUPOR & COMA, COMA >1 HR W CC",5558,46584.83627,10704.43919,8554.950162
"084 - TRAUMATIC STUPOR & COMA, COMA >1 HR W/O CC/MCC",3590,35261.06852,7846.330084,6007.392201
"085 - TRAUMATIC STUPOR & COMA, COMA <1 HR W MCC",10534,70570.58905,15890.81678,13747.65882
"086 - TRAUMATIC STUPOR & COMA, COMA <1 HR W CC",16692,42950.026,9110.997843,7308.054337
"087 - TRAUMATIC STUPOR & COMA, COMA <1 HR W/O CC/MCC",10712,31778.93699,6675.519511,4998.799944
088 - CONCUSSION W MCC,795,50198.82264,11376.44906,9515.685535
089 - CONCUSSION W CC,1926,40633.22015,8502.790239,6239.859294
090 - CONCUSSION W/O CC/MCC,936,32433.16453,6723.69765,4774.463675
091 - OTHER DISORDERS OF NERVOUS SYSTEM W MCC,14437,52282.70299,12424.62312,10682.9813
092 - OTHER DISORDERS OF NERVOUS SYSTEM W CC,21353,32873.37222,7382.378635,5828.805086
093 - OTHER DISORDERS OF NERVOUS SYSTEM W/O CC/MCC,8239,28063.10645,5886.07064,4349.952786
094 - BACTERIAL & TUBERCULOUS INFECTIONS OF NERVOUS SYSTEM W MCC,1504,119814.24,28990.18218,24889.25332
095 - BACTERIAL & TUBERCULOUS INFECTIONS OF NERVOUS SYSTEM W CC,1239,84147.89427,19490.46893,15916.84181
096 - BACTERIAL & TUBERCULOUS INFECTIONS OF NERVOUS SYSTEM W/O CC/MCC,489,76360.38241,16525.21881,13332.50511
097 - NON-BACTERIAL INFECT OF NERVOUS SYS EXC VIRAL MENINGITIS W MCC,2311,114539.4063,27921.38425,23375.60061
098 - NON-BACTERIAL INFECT OF NERVOUS SYS EXC VIRAL MENINGITIS W CC,1389,62964.29734,15160.7617,12099.93305
099 - NON-BACTERIAL INFECT OF NERVOUS SYS EXC VIRAL MENINGITIS W/O CC/MCC,551,47170.30309,10901.75136,8270.950998
100 - SEIZURES W MCC,26384,58403.2248,12977.42723,11072.37026
101 - SEIZURES W/O MCC,42299,31450.742,6825.444408,5179.415849
102 - HEADACHES W MCC,1650,38610.87455,9127.897576,7068.570303
103 - HEADACHES W/O MCC,10432,30244.53413,6434.171779,4364.234663
113 - ORBITAL PROCEDURES W CC/MCC,476,87379.22689,19455.45168,16471.68277
114 - ORBITAL PROCEDURES W/O CC/MCC,165,55157.63636,12401.91515,8836.272727
115 - EXTRAOCULAR PROCEDURES EXCEPT ORBIT,791,52755.37421,12664.5019,10258.52845
116 - INTRAOCULAR PROCEDURES W CC/MCC,341,61418.0088,15905.19355,13213.71554
117 - INTRAOCULAR PROCEDURES W/O CC/MCC,154,37540.56494,8560.233766,6477.428571
121 - ACUTE MAJOR EYE INFECTIONS W CC/MCC,533,34402.61351,9591.43152,7231.497186
122 - ACUTE MAJOR EYE INFECTIONS W/O CC/MCC,184,22507.96739,6445.75,4229.891304
123 - NEUROLOGICAL EYE DISORDERS,2716,32910.12261,6453.76215,4535.070324
124 - OTHER DISORDERS OF THE EYE W MCC,922,46454.62798,10893.10195,8936.894794
125 - OTHER DISORDERS OF THE EYE W/O MCC,3231,29359.44073,6724.396162,4948.247292
129 - MAJOR HEAD & NECK PROCEDURES W CC/MCC OR MAJOR DEVICE,1997,98622.87481,22738.96044,18725.64046
130 - MAJOR HEAD & NECK PROCEDURES W/O CC/MCC,1083,63068.3241,13415.21237,10444.95199
131 - CRANIAL/FACIAL PROCEDURES W CC/MCC,1312,101102.4223,23255.21037,19619.9032
132 - CRANIAL/FACIAL PROCEDURES W/O CC/MCC,575,62216.96522,13941.48174,10890.63652
"133 - OTHER EAR, NOSE, MOUTH & THROAT O.R. PROCEDURES W CC/MCC",2110,77163.43602,17532.3891,14595.09242
"134 - OTHER EAR, NOSE, MOUTH & THROAT O.R. PROCEDURES W/O CC/MCC",1176,47265.52636,9751.689626,7345
135 - SINUS & MASTOID PROCEDURES W CC/MCC,295,88920.79322,18941.42034,15340.02034
136 - SINUS & MASTOID PROCEDURES W/O CC/MCC,100,47487.41,9994,7980.67
137 - MOUTH PROCEDURES W CC/MCC,875,49174.13829,11814.25143,9585.853714
138 - MOUTH PROCEDURES W/O CC/MCC,390,32971.28462,7515.669231,5581.876923
139 - SALIVARY GLAND PROCEDURES,285,47211.24561,9540.270175,7399.733333
"146 - EAR, NOSE, MOUTH & THROAT MALIGNANCY W MCC",1038,67462.88728,17525.00385,14893.11272
"147 - EAR, NOSE, MOUTH & THROAT MALIGNANCY W CC",937,43953.07898,11250.619,9153.256137
"148 - EAR, NOSE, MOUTH & THROAT MALIGNANCY W/O CC/MCC",253,27297.4664,7897.924901,6204.687747
149 - DYSEQUILIBRIUM,16247,27985.7237,5558.912907,4025.584354
150 - EPISTAXIS W MCC,1031,41798.49176,10819.57711,9376.055286
151 - EPISTAXIS W/O MCC,2456,21941.24756,5797.961319,4472.165309
152 - OTITIS MEDIA & URI W MCC,4011,34742.16355,8497.165046,6778.593867
153 - OTITIS MEDIA & URI W/O MCC,10525,24446.41625,5818.165986,4201.344323
"154 - OTHER EAR, NOSE, MOUTH & THROAT DIAGNOSES W MCC",2089,48036.45093,11285.91527,9554.549067
"155 - OTHER EAR, NOSE, MOUTH & THROAT DIAGNOSES W CC",4273,30599.3246,7273.778142,5638.572198
"156 - OTHER EAR, NOSE, MOUTH & THROAT DIAGNOSES W/O CC/MCC",1781,23619.516,5672.569905,4005.559798
157 - DENTAL & ORAL DISEASES W MCC,1731,55838.47256,13333.08377,10843.24783
158 - DENTAL & ORAL DISEASES W CC,3376,31025.31191,7197.005628,5467.56013
159 - DENTAL & ORAL DISEASES W/O CC/MCC,1061,24378.01697,5631.198869,3918.571159
163 - MAJOR CHEST PROCEDURES W MCC,12655,158508.2171,37556.53868,33282.06764
164 - MAJOR CHEST PROCEDURES W CC,15687,89413.57372,20172.01186,17074.13636
165 - MAJOR CHEST PROCEDURES W/O CC/MCC,8300,67920.15349,14530.51181,11630.44289
166 - OTHER RESP SYSTEM O.R. PROCEDURES W MCC,25063,114772.2617,27253.37861,23939.83753
167 - OTHER RESP SYSTEM O.R. PROCEDURES W CC,11726,64324.42828,14860.29362,12390.3407
168 - OTHER RESP SYSTEM O.R. PROCEDURES W/O CC/MCC,3481,48906.92531,10669.71991,8294.158001
175 - PULMONARY EMBOLISM W MCC,26196,47891.70209,10914.13254,9076.635402
176 - PULMONARY EMBOLISM W/O MCC,32978,30380.74574,7022.499515,5374.774698
177 - RESPIRATORY INFECTIONS & INFLAMMATIONS W MCC,66996,55030.48975,13306.45668,11716.69428
178 - RESPIRATORY INFECTIONS & INFLAMMATIONS W CC,30813,38982.88761,9692.230747,8171.266316
179 - RESPIRATORY INFECTIONS & INFLAMMATIONS W/O CC/MCC,6830,29026.43177,7128.64612,5653.082284
180 - RESPIRATORY NEOPLASMS W MCC,18373,57916.59636,13094.3602,11264.68193
181 - RESPIRATORY NEOPLASMS W CC,11306,40695.98063,9168.318415,7529.467716
182 - RESPIRATORY NEOPLASMS W/O CC/MCC,759,30933.61397,6591.944664,5028.778656
183 - MAJOR CHEST TRAUMA W MCC,5311,51350.43645,12055.16927,9620.177179
184 - MAJOR CHEST TRAUMA W CC,10212,37111.19095,8366.267333,5907.043968
185 - MAJOR CHEST TRAUMA W/O CC/MCC,2981,27263.53204,6409.397853,4198.308957
186 - PLEURAL EFFUSION W MCC,10591,49564.9949,11522.38589,9994.707865
187 - PLEURAL EFFUSION W CC,7209,35829.83673,8076.223332,6710.325288
188 - PLEURAL EFFUSION W/O CC/MCC,1546,27202.74838,5909.355757,4699.820828
189 - PULMONARY EDEMA & RESPIRATORY FAILURE,168238,39449.17928,9176.008078,7741.113625
190 - CHRONIC OBSTRUCTIVE PULMONARY DISEASE W MCC,217482,37419.36314,8326.756316,6893.98376
191 - CHRONIC OBSTRUCTIVE PULMONARY DISEASE W CC,90347,29415.30447,6837.171107,5464.262687
192 - CHRONIC OBSTRUCTIVE PULMONARY DISEASE W/O CC/MCC,40002,23138.47835,5497.09902,4093.308785
193 - SIMPLE PNEUMONIA & PLEURISY W MCC,108097,40602.11423,10030.90416,8467.573096
194 - SIMPLE PNEUMONIA & PLEURISY W CC,103886,28715.2127,7151.60987,5633.129353
195 - SIMPLE PNEUMONIA & PLEURISY W/O CC/MCC,36026,22202.65922,5380.536363,3910.436796
196 - INTERSTITIAL LUNG DISEASE W MCC,7940,51790.24156,12616.04924,10527.57909
197 - INTERSTITIAL LUNG DISEASE W CC,3245,34264.56888,8507.744838,6798.713097
198 - INTERSTITIAL LUNG DISEASE W/O CC/MCC,941,26225.30818,6931.481403,4764.1339
199 - PNEUMOTHORAX W MCC,5875,56578.96596,13560.34417,11564.30298
200 - PNEUMOTHORAX W CC,9186,36469.59525,8350.818202,6409.359787
201 - PNEUMOTHORAX W/O CC/MCC,2031,23983.79862,5885.847858,4238.462334
202 - BRONCHITIS & ASTHMA W CC/MCC,35463,31157.96343,7032.657107,5398.541804
203 - BRONCHITIS & ASTHMA W/O CC/MCC,11957,23091.36104,5434.353935,3856.591035
204 - RESPIRATORY SIGNS & SYMPTOMS,8996,27669.57615,6231.071476,4741.231881
205 - OTHER RESPIRATORY SYSTEM DIAGNOSES W MCC,8073,50023.90685,12280.94884,10135.86746
206 - OTHER RESPIRATORY SYSTEM DIAGNOSES W/O MCC,10432,30910.27186,7092.273485,5406.74722
207 - RESPIRATORY SYSTEM DIAGNOSIS W VENTILATOR SUPPORT >96 HOURS,20240,176182.8993,39811.5083,35767.28266
208 - RESPIRATORY SYSTEM DIAGNOSIS W VENTILATOR SUPPORT <=96 HOURS,58493,81217.96396,17371.26178,15296.47794
215 - OTHER HEART ASSIST SYSTEM IMPLANT,3656,323550.1584,109716.2845,102826.5342
216 - CARDIAC VALVE & OTH MAJ CARDIOTHORACIC PROC W CARD CATH W MCC,7614,344444.6161,77885.32953,70814.44799
217 - CARDIAC VALVE & OTH MAJ CARDIOTHORACIC PROC W CARD CATH W CC,3010,226974.5748,49864.88505,43675.0814
218 - CARDIAC VALVE & OTH MAJ CARDIOTHORACIC PROC W CARD CATH W/O CC/MCC,327,201701.9908,42360.57187,37426.38838
219 - CARDIAC VALVE & OTH MAJ CARDIOTHORACIC PROC W/O CARD CATH W MCC,16756,273454.0894,63844.73323,56786.70464
220 - CARDIAC VALVE & OTH MAJ CARDIOTHORACIC PROC W/O CARD CATH W CC,17645,183758.1857,40481.9563,35060.98238
221 - CARDIAC VALVE & OTH MAJ CARDIOTHORACIC PROC W/O CARD CATH W/O CC/MCC,3075,155460.9161,34716.27155,29984.60846
222 - CARDIAC DEFIB IMPLANT W CARDIAC CATH W AMI/HF/SHOCK W MCC,1635,276857.9162,64286.15291,58566.88746
223 - CARDIAC DEFIB IMPLANT W CARDIAC CATH W AMI/HF/SHOCK W/O MCC,624,215617.0256,49163.75801,44027.88301
224 - CARDIAC DEFIB IMPLANT W CARDIAC CATH W/O AMI/HF/SHOCK W MCC,2102,251010.4895,58914.86584,52040.30019
225 - CARDIAC DEFIB IMPLANT W CARDIAC CATH W/O AMI/HF/SHOCK W/O MCC,1773,193922.0643,42596.88099,37230.85505
226 - CARDIAC DEFIBRILLATOR IMPLANT W/O CARDIAC CATH W MCC,4850,221463.6285,51046.33897,47434.9532
227 - CARDIAC DEFIBRILLATOR IMPLANT W/O CARDIAC CATH W/O MCC,5691,172077.8533,39806.40907,35753.81093
228 - OTHER CARDIOTHORACIC PROCEDURES W MCC,4884,230867.1224,55429.37101,51083.3534
229 - OTHER CARDIOTHORACIC PROCEDURES W/O MCC,5805,161813.9104,35641.70698,31956.34126
231 - CORONARY BYPASS W PTCA W MCC,1127,304475.9113,61194.00178,54393.87844
232 - CORONARY BYPASS W PTCA W/O MCC,733,224919.5634,45225.17463,37022.17053
233 - CORONARY BYPASS W CARDIAC CATH W MCC,12875,258429.5835,53786.96466,47324.12194
234 - CORONARY BYPASS W CARDIAC CATH W/O MCC,15891,179191.073,35831.48852,29744.11076
235 - CORONARY BYPASS W/O CARDIAC CATH W MCC,10926,197539.2297,43188.32034,37671.54521
236 - CORONARY BYPASS W/O CARDIAC CATH W/O MCC,19724,138143.458,28388.52662,23870.83097
239 - AMPUTATION FOR CIRC SYS DISORDERS EXC UPPER LIMB & TOE W MCC,9352,136084.5537,34092.74038,30672.35148
240 - AMPUTATION FOR CIRC SYS DISORDERS EXC UPPER LIMB & TOE W CC,8115,80720.54282,19326.92052,17164.86383
241 - AMPUTATION FOR CIRC SYS DISORDERS EXC UPPER LIMB & TOE W/O CC/MCC,815,48174.58773,10662.17178,8961.158282
242 - PERMANENT CARDIAC PACEMAKER IMPLANT W MCC,19355,119508.23,26505.73221,24365.86345
243 - PERMANENT CARDIAC PACEMAKER IMPLANT W CC,26221,84057.39198,18702.14958,16736.7571
244 - PERMANENT CARDIAC PACEMAKER IMPLANT W/O CC/MCC,16923,69394.11351,15215.99811,13092.04603
245 - AICD GENERATOR PROCEDURES,2509,167158.9032,36476.66441,32966.61698
246 - PERC CARDIOVASC PROC W DRUG-ELUTING STENT W MCC OR 4+ VESSELS/STENTS,46390,124973.4249,24565.39696,21607.38349
247 - PERC CARDIOVASC PROC W DRUG-ELUTING STENT W/O MCC,87974,85928.18658,15802.52816,12788.66125
248 - PERC CARDIOVASC PROC W NON-DRUG-ELUTING STENT W MCC OR 4+ VES/STENTS,5397,119096.8468,22196.71632,19801.10839
249 - PERC CARDIOVASC PROC W NON-DRUG-ELUTING STENT W/O MCC,7574,80454.81727,13733.26155,11442.06377
250 - PERC CARDIOVASC PROC W/O CORONARY ARTERY STENT W MCC,4049,100013.1274,19585.02692,17423.41566
251 - PERC CARDIOVASC PROC W/O CORONARY ARTERY STENT W/O MCC,5990,69221.23122,12497.42855,10111.24758
252 - OTHER VASCULAR PROCEDURES W MCC,35650,110865.1607,26034.34743,23672.48525
253 - OTHER VASCULAR PROCEDURES W CC,27348,89680.41177,20115.27761,17678.22861
254 - OTHER VASCULAR PROCEDURES W/O CC/MCC,13160,63044.31725,13381.93913,11000.63131
255 - UPPER LIMB & TOE AMPUTATION FOR CIRC SYSTEM DISORDERS W MCC,2275,76444.2778,19094.55473,16853.78945
256 - UPPER LIMB & TOE AMPUTATION FOR CIRC SYSTEM DISORDERS W CC,2385,52754.93166,12498.35262,10458.613
257 - UPPER LIMB & TOE AMPUTATION FOR CIRC SYSTEM DISORDERS W/O CC/MCC,109,33729.11927,8221.550459,6739.311927
258 - CARDIAC PACEMAKER DEVICE REPLACEMENT W MCC,717,97908.22594,22627.66667,20731.87169
259 - CARDIAC PACEMAKER DEVICE REPLACEMENT W/O MCC,1396,69629.12536,14600.04155,12766.80874
260 - CARDIAC PACEMAKER REVISION EXCEPT DEVICE REPLACEMENT W MCC,2536,123094.6049,30085.2638,26854.48068
261 - CARDIAC PACEMAKER REVISION EXCEPT DEVICE REPLACEMENT W CC,3408,68600.93427,14759.62705,12803.33568
262 - CARDIAC PACEMAKER REVISION EXCEPT DEVICE REPLACEMENT W/O CC/MCC,1474,55830.72592,11560.4654,9824.371099
263 - VEIN LIGATION & STRIPPING,426,82007.68545,18233.16901,15306.69484
264 - OTHER CIRCULATORY SYSTEM O.R. PROCEDURES,12495,100842.6143,23719.81177,20850.77919
265 - AICD LEAD PROCEDURES,741,104846.9082,25261.08367,22260.53576
266 - ENDOVASCULAR CARDIAC VALVE REPLACEMENT W MCC,14498,231314.0148,60345.21341,57667.64499
267 - ENDOVASCULAR CARDIAC VALVE REPLACEMENT W/O MCC,19641,189087.5718,47980.83555,45627.65475
268 - AORTIC AND HEART ASSIST PROCEDURES EXCEPT PULSATION BALLOON W MCC,4068,224959.4427,52468.29794,47453.42109
269 - AORTIC AND HEART ASSIST PROCEDURES EXCEPT PULSATION BALLOON W/O MCC,17958,125580.5224,29383.3296,26066.50446
270 - OTHER MAJOR CARDIOVASCULAR PROCEDURES W MCC,18691,175767.9131,38739.50805,34779.70815
271 - OTHER MAJOR CARDIOVASCULAR PROCEDURES W CC,14661,119714.5689,24618.97026,21492.0753
272 - OTHER MAJOR CARDIOVASCULAR PROCEDURES W/O CC/MCC,5714,88763.15261,17727.29104,15006.95712
273 - PERCUTANEOUS INTRACARDIAC PROCEDURES W MCC,7433,139363.9413,28696.95668,25605.12054
274 - PERCUTANEOUS INTRACARDIAC PROCEDURES W/O MCC,18244,113736.3994,19524.08255,16914.68965
"280 - ACUTE MYOCARDIAL INFARCTION, DISCHARGED ALIVE W MCC",81903,53949.69984,12269.93171,10653.82546
"281 - ACUTE MYOCARDIAL INFARCTION, DISCHARGED ALIVE W CC",47235,35662.56501,7525.070372,6043.58897
"282 - ACUTE MYOCARDIAL INFARCTION, DISCHARGED ALIVE W/O CC/MCC",23040,29796.18021,5811.792925,4333.019314
"283 - ACUTE MYOCARDIAL INFARCTION, EXPIRED W MCC",10435,65124.59684,13980.76052,12283.33819
"284 - ACUTE MYOCARDIAL INFARCTION, EXPIRED W CC",1482,28245.40958,5986.945344,4697.987854
"285 - ACUTE MYOCARDIAL INFARCTION, EXPIRED W/O CC/MCC",432,22246.8912,4311.986111,3182.092593
"286 - CIRCULATORY DISORDERS EXCEPT AMI, W CARD CATH W MCC",40106,79700.68192,17609.70109,14933.93345
"287 - CIRCULATORY DISORDERS EXCEPT AMI, W CARD CATH W/O MCC",65366,46758.47427,8889.973717,6922.58379
288 - ACUTE & SUBACUTE ENDOCARDITIS W MCC,1420,81815.63169,20829.15634,18149.70563
289 - ACUTE & SUBACUTE ENDOCARDITIS W CC,715,53244.33007,12303.62797,9850.668532
290 - ACUTE & SUBACUTE ENDOCARDITIS W/O CC/MCC,113,33101.15929,9771.530974,7159.584071
291 - HEART FAILURE & SHOCK W MCC,361006,42162.65142,10718.71254,9324.267832
292 - HEART FAILURE & SHOCK W CC,109090,28920.81435,7301.874764,5945.825328
293 - HEART FAILURE & SHOCK W/O CC/MCC,39811,21749.93635,5165.054809,3929.999774
294 - DEEP VEIN THROMBOPHLEBITIS W CC/MCC,317,38261.99369,9006.230284,7000.410095
295 - DEEP VEIN THROMBOPHLEBITIS W/O CC/MCC,27,18689.44444,5098.888889,3851
"296 - CARDIAC ARREST, UNEXPLAINED W MCC",3869,56985.03489,11388.48566,9676.060739
"297 - CARDIAC ARREST, UNEXPLAINED W CC",506,24919.66206,5088.679842,4123.252964
"298 - CARDIAC ARREST, UNEXPLAINED W/O CC/MCC",247,17676.48988,3756.651822,2776.663968
299 - PERIPHERAL VASCULAR DISORDERS W MCC,19039,46108.45328,11047.41609,9355.026525
300 - PERIPHERAL VASCULAR DISORDERS W CC,30931,32262.78756,7844.006983,6320.084737
301 - PERIPHERAL VASCULAR DISORDERS W/O CC/MCC,10120,24101.35168,5821.773617,4372.428854
302 - ATHEROSCLEROSIS W MCC,4491,35953.0501,8191.026943,6950.811846
303 - ATHEROSCLEROSIS W/O MCC,15292,24193.3768,5311.213118,3982.613196
304 - HYPERTENSION W MCC,15198,35873.36926,8297.437755,6795.132386
305 - HYPERTENSION W/O MCC,29600,25961.82997,5449.707973,3951.463851
306 - CARDIAC CONGENITAL & VALVULAR DISORDERS W MCC,3646,45719.39249,11890.44487,10195.99698
307 - CARDIAC CONGENITAL & VALVULAR DISORDERS W/O MCC,3543,30371.56224,6863.218177,5479.795653
308 - CARDIAC ARRHYTHMIA & CONDUCTION DISORDERS W MCC,72903,39104.80085,9117.579414,7617.957684
309 - CARDIAC ARRHYTHMIA & CONDUCTION DISORDERS W CC,91196,25819.43912,5989.934942,4594.327745
310 - CARDIAC ARRHYTHMIA & CONDUCTION DISORDERS W/O CC/MCC,64551,19701.60538,4452.931651,2962.488079
311 - ANGINA PECTORIS,6013,26466.53551,5407.517213,4052.475636
312 - SYNCOPE & COLLAPSE,73034,29510.40016,6213.80531,4835.811047
313 - CHEST PAIN,49636,26871.92346,5431.70189,4110.909259
314 - OTHER CIRCULATORY SYSTEM DIAGNOSES W MCC,44169,64146.81956,15582.8458,13393.66732
315 - OTHER CIRCULATORY SYSTEM DIAGNOSES W CC,20532,32831.14017,7910.023135,6282.662429
316 - OTHER CIRCULATORY SYSTEM DIAGNOSES W/O CC/MCC,4234,26647.16368,5654.553141,4121.055975
"326 - STOMACH, ESOPHAGEAL & DUODENAL PROC W MCC",11550,171719.1825,42537.42823,37492.87437
"327 - STOMACH, ESOPHAGEAL & DUODENAL PROC W CC",11698,86811.1531,20715.42418,17191.94367
"328 - STOMACH, ESOPHAGEAL & DUODENAL PROC W/O CC/MCC",10170,55965.97906,12056.82625,9615.60649
329 - MAJOR SMALL & LARGE BOWEL PROCEDURES W MCC,35918,159705.9497,37506.37884,33512.92385
330 - MAJOR SMALL & LARGE BOWEL PROCEDURES W CC,55943,83005.11233,18949.11494,15867.48546
331 - MAJOR SMALL & LARGE BOWEL PROCEDURES W/O CC/MCC,27714,56752.16746,12604.3666,9903.254456
332 - RECTAL RESECTION W MCC,196,112626.3878,32876.60204,29531.13265
333 - RECTAL RESECTION W CC,703,67072.33001,17887.2845,15170.1579
334 - RECTAL RESECTION W/O CC/MCC,796,46777.05276,11599.25879,9596.633166
335 - PERITONEAL ADHESIOLYSIS W MCC,5712,129977.1219,30487.23022,27058.92244
336 - PERITONEAL ADHESIOLYSIS W CC,9831,76188.51561,17681.5857,14676.65934
337 - PERITONEAL ADHESIOLYSIS W/O CC/MCC,5079,55063.86612,12463.27683,9779.138019
338 - APPENDECTOMY W COMPLICATED PRINCIPAL DIAG W MCC,959,97361.50156,21935.77268,18623.18561
339 - APPENDECTOMY W COMPLICATED PRINCIPAL DIAG W CC,2960,60876.83953,12901.08412,10160.425
340 - APPENDECTOMY W COMPLICATED PRINCIPAL DIAG W/O CC/MCC,2750,43483.15709,9285.973091,6723.007273
341 - APPENDECTOMY W/O COMPLICATED PRINCIPAL DIAG W MCC,684,81253.18129,17043.44298,14668.26462
342 - APPENDECTOMY W/O COMPLICATED PRINCIPAL DIAG W CC,1979,52466.82921,10382.63264,8097.577059
343 - APPENDECTOMY W/O COMPLICATED PRINCIPAL DIAG W/O CC/MCC,2507,42255.23893,7973.234942,5699.38213
344 - MINOR SMALL & LARGE BOWEL PROCEDURES W MCC,1559,95782.89545,25733.9551,22222.2399
345 - MINOR SMALL & LARGE BOWEL PROCEDURES W CC,2837,53843.44061,13014.24463,10518.47903
346 - MINOR SMALL & LARGE BOWEL PROCEDURES W/O CC/MCC,1049,42544.96854,9580.087703,7187.274547
347 - ANAL & STOMAL PROCEDURES W MCC,841,80007.24376,19435.78716,17199.53151
348 - ANAL & STOMAL PROCEDURES W CC,2002,48713.24076,11235.14536,9327.703297
349 - ANAL & STOMAL PROCEDURES W/O CC/MCC,1021,34332.05387,7787.039177,5828.549461
350 - INGUINAL & FEMORAL HERNIA PROCEDURES W MCC,1469,84964.66712,18457.84139,16394.07216
351 - INGUINAL & FEMORAL HERNIA PROCEDURES W CC,3337,54831.25082,10572.46449,8767.089901
352 - INGUINAL & FEMORAL HERNIA PROCEDURES W/O CC/MCC,2902,40078.74914,7811.169883,5993.853894
353 - HERNIA PROCEDURES EXCEPT INGUINAL & FEMORAL W MCC,3204,101199.932,22755.14763,19638.57834
354 - HERNIA PROCEDURES EXCEPT INGUINAL & FEMORAL W CC,8302,60382.87497,13248.20393,10586.06505
355 - HERNIA PROCEDURES EXCEPT INGUINAL & FEMORAL W/O CC/MCC,7142,47390.83072,9951.563428,7491.379166
356 - OTHER DIGESTIVE SYSTEM O.R. PROCEDURES W MCC,7441,131042.7909,30147.25077,26997.966
357 - OTHER DIGESTIVE SYSTEM O.R. PROCEDURES W CC,6674,72995.81241,15787.43902,13429.46434
358 - OTHER DIGESTIVE SYSTEM O.R. PROCEDURES W/O CC/MCC,1385,49427.55307,10878.48448,8359.409386
368 - MAJOR ESOPHAGEAL DISORDERS W MCC,3225,64128.09271,14682.13085,12815.32186
369 - MAJOR ESOPHAGEAL DISORDERS W CC,4205,37506.46873,8076.121284,6445.870868
370 - MAJOR ESOPHAGEAL DISORDERS W/O CC/MCC,620,27097.18226,6027.790323,4453.590323
371 - MAJOR GASTROINTESTINAL DISORDERS & PERITONEAL INFECTIONS W MCC,19395,52632.51637,13059.78953,11292.85708
372 - MAJOR GASTROINTESTINAL DISORDERS & PERITONEAL INFECTIONS W CC,29537,32994.18309,8144.087958,6710.257982
373 - MAJOR GASTROINTESTINAL DISORDERS & PERITONEAL INFECTIONS W/O CC/MCC,7804,25082.71181,5927.62327,4558.367376
374 - DIGESTIVE MALIGNANCY W MCC,10506,67555.94984,16745.57101,14306.38121
375 - DIGESTIVE MALIGNANCY W CC,13593,41978.15464,9795.928346,7969.198705
376 - DIGESTIVE MALIGNANCY W/O CC/MCC,1180,34614.08051,7223.433898,5377.552542
377 - G.I. HEMORRHAGE W MCC,64109,57461.34686,13314.69943,11713.46603
378 - G.I. HEMORRHAGE W CC,134270,33359.97042,7445.538058,5982.7438
379 - G.I. HEMORRHAGE W/O CC/MCC,19446,23141.40168,5282.982001,3802.366348
380 - COMPLICATED PEPTIC ULCER W MCC,5211,63058.09864,15028.79908,13260.37939
381 - COMPLICATED PEPTIC ULCER W CC,7480,37820.19265,8148.413369,6585.623128
382 - COMPLICATED PEPTIC ULCER W/O CC/MCC,1613,28258.94358,6048.50031,4487.718537
383 - UNCOMPLICATED PEPTIC ULCER W MCC,1329,46508.18435,9940.820166,8501.407825
384 - UNCOMPLICATED PEPTIC ULCER W/O MCC,5091,32116.47201,6580.233353,5032.332351
385 - INFLAMMATORY BOWEL DISEASE W MCC,2538,56420.0725,13540.64027,11284.4275
386 - INFLAMMATORY BOWEL DISEASE W CC,9305,32559.16647,7739.481247,5884.72058
387 - INFLAMMATORY BOWEL DISEASE W/O CC/MCC,2879,26113.88816,5990.851337,4333.308788
388 - G.I. OBSTRUCTION W MCC,19004,49163.23579,11755.11587,10063.42996
389 - G.I. OBSTRUCTION W CC,50255,28632.37358,6626.524744,5104.744762
390 - G.I. OBSTRUCTION W/O CC/MCC,32247,21258.46628,4848.176233,3261.394921
"391 - ESOPHAGITIS, GASTROENT & MISC DIGEST DISORDERS W MCC",42763,41548.49346,9461.976358,7876.158478
"392 - ESOPHAGITIS, GASTROENT & MISC DIGEST DISORDERS W/O MCC",158685,27458.7482,5878.531172,4349.846797
393 - OTHER DIGESTIVE SYSTEM DIAGNOSES W MCC,24710,54645.29543,13457.67017,11556.96564
394 - OTHER DIGESTIVE SYSTEM DIAGNOSES W CC,41971,32829.71264,7452.310762,5887.081127
395 - OTHER DIGESTIVE SYSTEM DIAGNOSES W/O CC/MCC,12054,24917.21113,5499.516177,3946.42517
"405 - PANCREAS, LIVER & SHUNT PROCEDURES W MCC",4155,193925.2337,48905.64116,41340.39832
"406 - PANCREAS, LIVER & SHUNT PROCEDURES W CC",5019,108907.5477,24923.92289,20669.87687
"407 - PANCREAS, LIVER & SHUNT PROCEDURES W/O CC/MCC",1795,78342.54318,18452.00111,14336.42786
408 - BILIARY TRACT PROC EXCEPT ONLY CHOLECYST W OR W/O C.D.E. W MCC,925,145397.4184,34883.6173,30286.70054
409 - BILIARY TRACT PROC EXCEPT ONLY CHOLECYST W OR W/O C.D.E. W CC,728,83561.86126,18052.53709,15245.85165
410 - BILIARY TRACT PROC EXCEPT ONLY CHOLECYST W OR W/O C.D.E. W/O CC/MCC,281,61845.79004,13641.7758,10569.65836
411 - CHOLECYSTECTOMY W C.D.E. W MCC,259,134835.1081,28888.01158,25535.72973
412 - CHOLECYSTECTOMY W C.D.E. W CC,285,81972.08772,16942.44561,14539.00702
413 - CHOLECYSTECTOMY W C.D.E. W/O CC/MCC,186,62079.01075,13459.52688,10425.17742
414 - CHOLECYSTECTOMY EXCEPT BY LAPAROSCOPE W/O C.D.E. W MCC,2355,120211.7563,26781.37665,23252.28238
415 - CHOLECYSTECTOMY EXCEPT BY LAPAROSCOPE W/O C.D.E. W CC,3015,69799.26866,15235.02753,12886.83847
416 - CHOLECYSTECTOMY EXCEPT BY LAPAROSCOPE W/O C.D.E. W/O CC/MCC,1711,50159.01929,10262.67271,7922.721216
417 - LAPAROSCOPIC CHOLECYSTECTOMY W/O C.D.E. W MCC,14659,85417.93151,17833.52302,15354.74193
418 - LAPAROSCOPIC CHOLECYSTECTOMY W/O C.D.E. W CC,22748,61216.00308,12121.69663,9875.669685
419 - LAPAROSCOPIC CHOLECYSTECTOMY W/O C.D.E. W/O CC/MCC,16429,49500.15174,9397.179743,7260.685008
420 - HEPATOBILIARY DIAGNOSTIC PROCEDURES W MCC,797,127619.4868,32413.93099,26427.45797
421 - HEPATOBILIARY DIAGNOSTIC PROCEDURES W CC,837,66826.47551,14352.33572,11771.27479
422 - HEPATOBILIARY DIAGNOSTIC PROCEDURES W/O CC/MCC,232,57023.98276,11705.94397,9345.353448
423 - OTHER HEPATOBILIARY OR PANCREAS O.R. PROCEDURES W MCC,1096,138537.542,38552.81022,34028.37774
424 - OTHER HEPATOBILIARY OR PANCREAS O.R. PROCEDURES W CC,477,76968.7044,18694.43187,15992.5304
425 - OTHER HEPATOBILIARY OR PANCREAS O.R. PROCEDURES W/O CC/MCC,82,56803.82927,12615.0122,9586.560976
432 - CIRRHOSIS & ALCOHOLIC HEPATITIS W MCC,14547,61225.63298,14343.58246,12218.99058
433 - CIRRHOSIS & ALCOHOLIC HEPATITIS W CC,11663,35119.96879,7623.638515,6141.211609
434 - CIRRHOSIS & ALCOHOLIC HEPATITIS W/O CC/MCC,849,23177.70907,5173.795053,4052.333333
435 - MALIGNANCY OF HEPATOBILIARY SYSTEM OR PANCREAS W MCC,13485,60554.40312,14160.21817,11858.22633
436 - MALIGNANCY OF HEPATOBILIARY SYSTEM OR PANCREAS W CC,7971,41328.14427,9226.303977,7373.49931
437 - MALIGNANCY OF HEPATOBILIARY SYSTEM OR PANCREAS W/O CC/MCC,883,34191.83466,7818.458664,5820.689694
438 - DISORDERS OF PANCREAS EXCEPT MALIGNANCY W MCC,15050,55265.35668,13477.30797,11257.50498
439 - DISORDERS OF PANCREAS EXCEPT MALIGNANCY W CC,27204,30684.00243,6959.559991,5235.520291
440 - DISORDERS OF PANCREAS EXCEPT MALIGNANCY W/O CC/MCC,15311,23127.68663,5070.496441,3440.390438
"441 - DISORDERS OF LIVER EXCEPT MALIG,CIRR,ALC HEPA W MCC",19149,60509.72187,15538.06742,13201.46123
"442 - DISORDERS OF LIVER EXCEPT MALIG,CIRR,ALC HEPA W CC",18318,31778.53412,7541.645049,5956.796048
"443 - DISORDERS OF LIVER EXCEPT MALIG,CIRR,ALC HEPA W/O CC/MCC",2979,25232.36824,5775.957704,4222.180933
444 - DISORDERS OF THE BILIARY TRACT W MCC,13215,56279.77503,12713.82369,10763.87976
445 - DISORDERS OF THE BILIARY TRACT W CC,18801,39235.7039,8225.515611,6549.138078
446 - DISORDERS OF THE BILIARY TRACT W/O CC/MCC,7759,30091.29901,6114.53177,4561.648022
453 - COMBINED ANTERIOR/POSTERIOR SPINAL FUSION W MCC,1992,361135.3866,87578.31777,78151.53464
454 - COMBINED ANTERIOR/POSTERIOR SPINAL FUSION W CC,6577,251486.8525,63690.0558,55769.06872
455 - COMBINED ANTERIOR/POSTERIOR SPINAL FUSION W/O CC/MCC,5945,189179.526,47070.35273,40009.03297
456 - SPINAL FUS EXC CERV W SPINAL CURV/MALIG/INFEC OR EXT FUS W MCC,1863,313549.5126,82272.33709,73497.12668
457 - SPINAL FUS EXC CERV W SPINAL CURV/MALIG/INFEC OR EXT FUS W CC,4820,218657.7726,57740.6278,51012.52137
458 - SPINAL FUS EXC CERV W SPINAL CURV/MALIG/INFEC OR EXT FUS W/O CC/MCC,1823,154491.2534,41415.80636,35359.774
459 - SPINAL FUSION EXCEPT CERVICAL W MCC,5952,189322.8597,46915.08065,41450.61694
460 - SPINAL FUSION EXCEPT CERVICAL W/O MCC,79008,120133.3295,29283.04767,24736.00832
461 - BILATERAL OR MULTIPLE MAJOR JOINT PROCS OF LOWER EXTREMITY W MCC,337,141659.0119,38610.64985,34435.15134
462 - BILATERAL OR MULTIPLE MAJOR JOINT PROCS OF LOWER EXTREMITY W/O MCC,8411,95064.30044,24847.9465,19298.11342
"463 - WND DEBRID & SKN GRFT EXC HAND, FOR MUSCULO-CONN TISS DIS W MCC",6292,148992.0323,39387.14542,34867.84917
"464 - WND DEBRID & SKN GRFT EXC HAND, FOR MUSCULO-CONN TISS DIS W CC",11276,90830.23572,22384.3409,19150.48333
"465 - WND DEBRID & SKN GRFT EXC HAND, FOR MUSCULO-CONN TISS DIS W/O CC/MCC",4260,60231.04366,15145.75,12347.69906
466 - REVISION OF HIP OR KNEE REPLACEMENT W MCC,4094,148988.2995,35333.26453,32525.44895
467 - REVISION OF HIP OR KNEE REPLACEMENT W CC,21533,104650.4075,24804.64343,21615.18934
468 - REVISION OF HIP OR KNEE REPLACEMENT W/O CC/MCC,18668,83972.43958,20266.85189,16888.49207
469 - MAJOR HIP AND KNEE JOINT REPLACEMENT OR REATTACHMENT OF LOWER EXTREM,27002,95434.25335,22031.42945,19756.46582
470 - MAJOR JOINT REPLACEMENT OR REATTACHMENT OF LOWER EXTREMITY W/O MCC,511763,60394.1189,14752.16275,11777.81709
471 - CERVICAL SPINAL FUSION W MCC,3776,165219.1592,38152.95418,33900.96081
472 - CERVICAL SPINAL FUSION W CC,16615,95819.15913,22019.83828,18320.78086
473 - CERVICAL SPINAL FUSION W/O CC/MCC,19858,74416.83251,16739.89123,13438.53092
474 - AMPUTATION FOR MUSCULOSKELETAL SYS & CONN TISSUE DIS W MCC,3282,113945.6584,27332.1039,24239.0972
475 - AMPUTATION FOR MUSCULOSKELETAL SYS & CONN TISSUE DIS W CC,3619,66137.18044,15416.44405,13145.74275
476 - AMPUTATION FOR MUSCULOSKELETAL SYS & CONN TISSUE DIS W/O CC/MCC,848,38099.89859,8464.430425,6939.251179
477 - BIOPSIES OF MUSCULOSKELETAL SYSTEM & CONNECTIVE TISSUE W MCC,3459,102573.2738,23167.64759,20255.05059
478 - BIOPSIES OF MUSCULOSKELETAL SYSTEM & CONNECTIVE TISSUE W CC,6918,77428.99436,16737.85068,14269.52732
479 - BIOPSIES OF MUSCULOSKELETAL SYSTEM & CONNECTIVE TISSUE W/O CC/MCC,1993,60781.57551,12603.10637,10674.79478
480 - HIP & FEMUR PROCEDURES EXCEPT MAJOR JOINT W MCC,29435,93591.09985,21115.9787,19133.82589
481 - HIP & FEMUR PROCEDURES EXCEPT MAJOR JOINT W CC,79912,65151.86011,14133.3771,12331.72321
482 - HIP & FEMUR PROCEDURES EXCEPT MAJOR JOINT W/O CC/MCC,23360,53260.17894,11784.57093,9852.021918
483 - MAJOR JOINT/LIMB REATTACHMENT PROCEDURE OF UPPER EXTREMITIES,60096,72118.28298,17183.95991,14497.43464
485 - KNEE PROCEDURES W PDX OF INFECTION W MCC,943,106682.9947,23745.64899,20734.43584
486 - KNEE PROCEDURES W PDX OF INFECTION W CC,1958,71893.84627,15880.96221,13280.42339
487 - KNEE PROCEDURES W PDX OF INFECTION W/O CC/MCC,675,53726.9437,11520.0563,9414.952593
488 - KNEE PROCEDURES W/O PDX OF INFECTION W CC/MCC,2863,67386.79322,14009.90604,11316.72057
489 - KNEE PROCEDURES W/O PDX OF INFECTION W/O CC/MCC,2631,42980.7385,9876.104903,7422.904599
"492 - LOWER EXTREM & HUMER PROC EXCEPT HIP,FOOT,FEMUR W MCC",6402,108267.9149,24572.11012,21515.81803
"493 - LOWER EXTREM & HUMER PROC EXCEPT HIP,FOOT,FEMUR W CC",19457,74050.9503,16056.46652,13534.32914
"494 - LOWER EXTREM & HUMER PROC EXCEPT HIP,FOOT,FEMUR W/O CC/MCC",13381,57825.62596,12409.68179,9920.967641
495 - LOCAL EXCISION & REMOVAL INT FIX DEVICES EXC HIP & FEMUR W MCC,483,113033.8944,25133.6087,22108.00828
496 - LOCAL EXCISION & REMOVAL INT FIX DEVICES EXC HIP & FEMUR W CC,1816,67447.28194,14361.94163,12009.4185
497 - LOCAL EXCISION & REMOVAL INT FIX DEVICES EXC HIP & FEMUR W/O CC/MCC,1327,50480.61794,10183.25019,7914.48003
498 - LOCAL EXCISION & REMOVAL INT FIX DEVICES OF HIP & FEMUR W CC/MCC,1177,80200.36534,19037.26678,16752.62447
499 - LOCAL EXCISION & REMOVAL INT FIX DEVICES OF HIP & FEMUR W/O CC/MCC,324,39836.64198,9029.503086,7241.052469
500 - SOFT TISSUE PROCEDURES W MCC,2800,100156.9454,25472.24857,22088.2075
501 - SOFT TISSUE PROCEDURES W CC,5866,56285.93283,12738.1732,10346.13843
502 - SOFT TISSUE PROCEDURES W/O CC/MCC,3475,44826.79252,9539.420144,7352.629065
503 - FOOT PROCEDURES W MCC,1155,83874.43463,19095.13853,16665.54978
504 - FOOT PROCEDURES W CC,2923,57019.32467,12412.15874,10012.8091
505 - FOOT PROCEDURES W/O CC/MCC,1386,52678.07648,10798.37735,8235.873737
506 - MAJOR THUMB OR JOINT PROCEDURES,491,49940.59878,10961.77189,8531.476578
507 - MAJOR SHOULDER OR ELBOW JOINT PROCEDURES W CC/MCC,471,64731.67941,15414.95117,13039.20807
508 - MAJOR SHOULDER OR ELBOW JOINT PROCEDURES W/O CC/MCC,197,49008.01015,12446.56853,10419.31472
509 - ARTHROSCOPY,56,53707.875,12791.14286,11159.98214
"510 - SHOULDER,ELBOW OR FOREARM PROC,EXC MAJOR JOINT PROC W MCC",1176,89296.47619,18214.7534,15633.06208
"511 - SHOULDER,ELBOW OR FOREARM PROC,EXC MAJOR JOINT PROC W CC",3441,63231.11072,12801.51758,10678.83174
"512 - SHOULDER,ELBOW OR FOREARM PROC,EXC MAJOR JOINT PROC W/O CC/MCC",2534,52878.65588,10606.27506,8522.082478
"513 - HAND OR WRIST PROC, EXCEPT MAJOR THUMB OR JOINT PROC W CC/MCC",1667,55738.43731,12464.69226,10003.15777
"514 - HAND OR WRIST PROC, EXCEPT MAJOR THUMB OR JOINT PROC W/O CC/MCC",595,37100.69076,8278.941177,6146.122689
515 - OTHER MUSCULOSKELET SYS & CONN TISS O.R. PROC W MCC,5125,100792.8515,23313.43785,20502.68215
516 - OTHER MUSCULOSKELET SYS & CONN TISS O.R. PROC W CC,13852,64344.04974,15065.79288,12804.31274
517 - OTHER MUSCULOSKELET SYS & CONN TISS O.R. PROC W/O CC/MCC,13184,48825.5584,12982.98711,10700.18788
518 - BACK & NECK PROC EXC SPINAL FUSION W MCC OR DISC DEVICE/NEUROSTIM,3247,103087.798,22708.68833,19539.05852
519 - BACK & NECK PROC EXC SPINAL FUSION W CC,8563,67015.36926,13571.93192,10901.52026
520 - BACK & NECK PROC EXC SPINAL FUSION W/O CC/MCC,8823,48516.54823,9596.436133,7226.244135
533 - FRACTURES OF FEMUR W MCC,907,45095.55017,10256.18853,8712.132304
534 - FRACTURES OF FEMUR W/O MCC,2666,23596.55101,5836.686422,4474.546137
535 - FRACTURES OF HIP & PELVIS W MCC,8135,39375.30018,9018.824216,7519.800615
536 - FRACTURES OF HIP & PELVIS W/O MCC,25058,23865.65779,5523.212946,4133.334544
"537 - SPRAINS, STRAINS, & DISLOCATIONS OF HIP, PELVIS & THIGH W CC/MCC",834,30804.72662,7284.683453,5906.05036
"538 - SPRAINS, STRAINS, & DISLOCATIONS OF HIP, PELVIS & THIGH W/O CC/MCC",376,24877.60372,5685.138298,4139.364362
539 - OSTEOMYELITIS W MCC,3164,58996.11283,15443.20038,13000.54077
540 - OSTEOMYELITIS W CC,3385,39205.72319,10202.9486,8407.591137
541 - OSTEOMYELITIS W/O CC/MCC,819,27852.46886,7610.7558,6034.866911
542 - PATHOLOGICAL FRACTURES & MUSCULOSKELET & CONN TISS MALIG W MCC,7405,57979.30317,14370.44646,12368.09034
543 - PATHOLOGICAL FRACTURES & MUSCULOSKELET & CONN TISS MALIG W CC,14599,36288.76033,8566.390506,6936.261251
544 - PATHOLOGICAL FRACTURES & MUSCULOSKELET & CONN TISS MALIG W/O CC/MCC,4455,26958.62649,6068.414366,4605.145679
545 - CONNECTIVE TISSUE DISORDERS W MCC,3789,79817.86276,21290.54051,18216.49353
546 - CONNECTIVE TISSUE DISORDERS W CC,4316,40653.54564,9778.110056,7620.920528
547 - CONNECTIVE TISSUE DISORDERS W/O CC/MCC,1401,30568.14775,7461.159172,5096.635261
548 - SEPTIC ARTHRITIS W MCC,609,64185.6913,15074.9803,12593.87849
549 - SEPTIC ARTHRITIS W CC,1230,40253.83577,9225.553659,7401.178862
550 - SEPTIC ARTHRITIS W/O CC/MCC,454,29670.41189,6833.394273,5266.156388
551 - MEDICAL BACK PROBLEMS W MCC,13252,52063.78283,12035.76494,10047.93427
552 - MEDICAL BACK PROBLEMS W/O MCC,53150,31705.69328,6923.510009,5259.52143
553 - BONE DISEASES & ARTHROPATHIES W MCC,2519,44611.53037,10880.47876,9198.650258
554 - BONE DISEASES & ARTHROPATHIES W/O MCC,12954,24178.05303,6112.264474,4635.68419
555 - SIGNS & SYMPTOMS OF MUSCULOSKELETAL SYSTEM & CONN TISSUE W MCC,2537,45353.56681,12187.07292,10281.23098
556 - SIGNS & SYMPTOMS OF MUSCULOSKELETAL SYSTEM & CONN TISSUE W/O MCC,10243,26619.24905,6234.34404,4774.668457
"557 - TENDONITIS, MYOSITIS & BURSITIS W MCC",3900,44704.90974,10298.84256,8582.530256
"558 - TENDONITIS, MYOSITIS & BURSITIS W/O MCC",10801,28073.56893,6512.601426,4996.568744
"559 - AFTERCARE, MUSCULOSKELETAL SYSTEM & CONNECTIVE TISSUE W MCC",3174,53903.65406,14373.27977,12536.13737
"560 - AFTERCARE, MUSCULOSKELETAL SYSTEM & CONNECTIVE TISSUE W CC",5731,31206.44582,9142.303437,7837.085849
"561 - AFTERCARE, MUSCULOSKELETAL SYSTEM & CONNECTIVE TISSUE W/O CC/MCC",3296,23016.86529,7304.451456,6115.669903
"562 - FX, SPRN, STRN & DISL EXCEPT FEMUR, HIP, PELVIS & THIGH W MCC",6728,44776.75208,10146.12768,8443.065547
"563 - FX, SPRN, STRN & DISL EXCEPT FEMUR, HIP, PELVIS & THIGH W/O MCC",24904,27584.51602,6239.933746,4677.225506
564 - OTHER MUSCULOSKELETAL SYS & CONNECTIVE TISSUE DIAGNOSES W MCC,4430,48769.4763,12150.31061,10456.2465
565 - OTHER MUSCULOSKELETAL SYS & CONNECTIVE TISSUE DIAGNOSES W CC,7135,32208.06573,7587.222565,6020.535529
566 - OTHER MUSCULOSKELETAL SYS & CONNECTIVE TISSUE DIAGNOSES W/O CC/MCC,1867,26405.74451,5873.185324,4370.723621
570 - SKIN DEBRIDEMENT W MCC,5257,75215.06182,17805.17424,15385.63782
571 - SKIN DEBRIDEMENT W CC,6809,48237.13688,10832.89969,8810.68527
572 - SKIN DEBRIDEMENT W/O CC/MCC,2147,38071.2054,8315.47415,6131.599441
573 - SKIN GRAFT FOR SKIN ULCER OR CELLULITIS W MCC,1265,116662.3953,28235.35494,24263.41107
574 - SKIN GRAFT FOR SKIN ULCER OR CELLULITIS W CC,851,84054.14571,21441.36898,18177.12691
575 - SKIN GRAFT FOR SKIN ULCER OR CELLULITIS W/O CC/MCC,235,54126.71064,11311.53192,9450.834043
576 - SKIN GRAFT EXC FOR SKIN ULCER OR CELLULITIS W MCC,499,167777.6774,41115.86774,37226.1483
577 - SKIN GRAFT EXC FOR SKIN ULCER OR CELLULITIS W CC,1494,91410.88822,21048.16332,17543.65863
578 - SKIN GRAFT EXC FOR SKIN ULCER OR CELLULITIS W/O CC/MCC,1031,59315.65179,12454.98933,9916.651794
"579 - OTHER SKIN, SUBCUT TISS & BREAST PROC W MCC",5589,78551.39453,19644.59832,17001.5289
"580 - OTHER SKIN, SUBCUT TISS & BREAST PROC W CC",10612,50100.94421,12347.71184,10160.40077
"581 - OTHER SKIN, SUBCUT TISS & BREAST PROC W/O CC/MCC",5217,44979.42956,10292.46866,7876.674909
582 - MASTECTOMY FOR MALIGNANCY W CC/MCC,766,57897.93995,12397.53264,9984.502611
583 - MASTECTOMY FOR MALIGNANCY W/O CC/MCC,812,53819.22291,10833.81527,8410.331281
"584 - BREAST BIOPSY, LOCAL EXCISION & OTHER BREAST PROCEDURES W CC/MCC",614,72761.55375,15707.2329,12299.05538
"585 - BREAST BIOPSY, LOCAL EXCISION & OTHER BREAST PROCEDURES W/O CC/MCC",739,62091.53315,13700.76049,10496.14479
592 - SKIN ULCERS W MCC,4698,40594.45168,10662.26607,8999.833333
593 - SKIN ULCERS W CC,3117,29223.39333,7809.71864,6355.467437
594 - SKIN ULCERS W/O CC/MCC,451,22846.59645,6127.738359,4703.177384
595 - MAJOR SKIN DISORDERS W MCC,1072,62305.69216,16832.50373,14679.19496
596 - MAJOR SKIN DISORDERS W/O MCC,2878,31697.06776,8316.965949,6448.217512
597 - MALIGNANT BREAST DISORDERS W MCC,1335,58456.62996,14109.18277,11959.597
598 - MALIGNANT BREAST DISORDERS W CC,1618,39455.43634,9540.215698,7853.969716
599 - MALIGNANT BREAST DISORDERS W/O CC/MCC,100,24474.58,6137.03,4655.03
600 - NON-MALIGNANT BREAST DISORDERS W CC/MCC,978,30626.60736,8066.43047,6299.360941
601 - NON-MALIGNANT BREAST DISORDERS W/O CC/MCC,453,20516.6777,5244.399559,3606.136865
602 - CELLULITIS W MCC,27568,42212.61499,10692.25472,9111.501415
603 - CELLULITIS W/O MCC,110072,25176.20115,6517.010693,4985.236572
"604 - TRAUMA TO THE SKIN, SUBCUT TISS & BREAST W MCC",3317,52772.18028,11790.70455,10201.01718
"605 - TRAUMA TO THE SKIN, SUBCUT TISS & BREAST W/O MCC",13485,30260.14475,6659.155654,5096.272896
606 - MINOR SKIN DISORDERS W MCC,1844,43837.34002,11867.07484,10098.99078
607 - MINOR SKIN DISORDERS W/O MCC,5871,25237.16709,6624.334355,5095.53858
614 - ADRENAL & PITUITARY PROCEDURES W CC/MCC,1679,90507.81715,21676.59917,17663.65932
615 - ADRENAL & PITUITARY PROCEDURES W/O CC/MCC,1069,60581.93826,12207.85875,9442.808232
"616 - AMPUTAT OF LOWER LIMB FOR ENDOCRINE,NUTRIT,& METABOL DIS W MCC",2647,121094.6963,29285.40045,25740.04005
"617 - AMPUTAT OF LOWER LIMB FOR ENDOCRINE,NUTRIT,& METABOL DIS W CC",13578,64619.72316,15025.80977,12488.14855
"618 - AMPUTAT OF LOWER LIMB FOR ENDOCRINE,NUTRIT,& METABOL DIS W/O CC/MCC",143,38270.45455,10384.62238,8309.986014
619 - O.R. PROCEDURES FOR OBESITY W MCC,976,98448.55635,25265.4293,21399.47131
620 - O.R. PROCEDURES FOR OBESITY W CC,3730,63086.7008,14138.09276,11032.89276
621 - O.R. PROCEDURES FOR OBESITY W/O CC/MCC,13911,53428.10481,11713.04162,8984.832075
"622 - SKIN GRAFTS & WOUND DEBRID FOR ENDOC, NUTRIT & METAB DIS W MCC",1898,106370.7845,26893.32771,23968.61539
"623 - SKIN GRAFTS & WOUND DEBRID FOR ENDOC, NUTRIT & METAB DIS W CC",6243,58675.17924,14343.78824,11873.54605
"624 - SKIN GRAFTS & WOUND DEBRID FOR ENDOC, NUTRIT & METAB DIS W/O CC/MCC",510,48039.00784,8888.160784,6945.172549
"625 - THYROID, PARATHYROID & THYROGLOSSAL PROCEDURES W MCC",935,103769.1433,22817.65241,19871.61818
"626 - THYROID, PARATHYROID & THYROGLOSSAL PROCEDURES W CC",1261,63982.73196,12903.51546,10469.29263
"627 - THYROID, PARATHYROID & THYROGLOSSAL PROCEDURES W/O CC/MCC",1487,42942.74311,8382.885003,6258.933423
"628 - OTHER ENDOCRINE, NUTRIT & METAB O.R. PROC W MCC",3265,115037.4423,25946.37764,23335.87902
"629 - OTHER ENDOCRINE, NUTRIT & METAB O.R. PROC W CC",5427,72865.21061,16312.4719,13852.34623
"630 - OTHER ENDOCRINE, NUTRIT & METAB O.R. PROC W/O CC/MCC",291,53540.61168,11907.03436,10027.93471
637 - DIABETES W MCC,32906,43474.05728,10395.46183,8783.896615
638 - DIABETES W CC,56095,27629.62925,6685.910545,5231.623104
639 - DIABETES W/O CC/MCC,11758,20792.71228,4970.024664,3638.283126
"640 - MISC DISORDERS OF NUTRITION,METABOLISM,FLUIDS/ELECTROLYTES W MCC",73219,37344.44408,8996.220899,7628.225324
"641 - MISC DISORDERS OF NUTRITION,METABOLISM,FLUIDS/ELECTROLYTES W/O MCC",89274,24524.75406,5760.749558,4415.849654
642 - INBORN AND OTHER DISORDERS OF METABOLISM,1919,46079.85618,10908.83533,8979.670141
643 - ENDOCRINE DISORDERS W MCC,9918,51652.37074,12080.36257,10297.50676
644 - ENDOCRINE DISORDERS W CC,12105,33120.59984,7792.434118,6282.725485
645 - ENDOCRINE DISORDERS W/O CC/MCC,4575,25095.64153,5887.078251,4414.638689
652 - KIDNEY TRANSPLANT,11134,240121.9099,37715.98114,26993.47548
653 - MAJOR BLADDER PROCEDURES W MCC,1869,189267.2809,45946.46121,39861.04976
654 - MAJOR BLADDER PROCEDURES W CC,4240,106453.1851,24792.09906,20727.9934
655 - MAJOR BLADDER PROCEDURES W/O CC/MCC,1527,80914.17944,17753.60904,14554.66601
656 - KIDNEY & URETER PROCEDURES FOR NEOPLASM W MCC,2897,120869.1132,28655.97066,25021.17156
657 - KIDNEY & URETER PROCEDURES FOR NEOPLASM W CC,7120,73197.63357,15906.73034,12929.63216
658 - KIDNEY & URETER PROCEDURES FOR NEOPLASM W/O CC/MCC,6413,58536.88414,12122.36613,9327.602682
659 - KIDNEY & URETER PROCEDURES FOR NON-NEOPLASM W MCC,2805,119162.1041,28648.24991,24832.39537
660 - KIDNEY & URETER PROCEDURES FOR NON-NEOPLASM W CC,6140,67349.17508,15312.82508,12485.53095
661 - KIDNEY & URETER PROCEDURES FOR NON-NEOPLASM W/O CC/MCC,3005,56918.63428,11506.36107,8858.74376
662 - MINOR BLADDER PROCEDURES W MCC,684,101753.6506,23088.08187,20466.82018
663 - MINOR BLADDER PROCEDURES W CC,1440,56847.00903,11789.18542,9899.194444
664 - MINOR BLADDER PROCEDURES W/O CC/MCC,645,41620.89302,9525.976744,7648.596899
665 - PROSTATECTOMY W MCC,694,102449.4265,22774.09942,20751.1196
666 - PROSTATECTOMY W CC,1702,60308.29436,12821.39542,11122.51058
667 - PROSTATECTOMY W/O CC/MCC,627,38989.79745,7829.451356,6041.617225
668 - TRANSURETHRAL PROCEDURES W MCC,3696,90339.18209,18891.20103,16832.73106
669 - TRANSURETHRAL PROCEDURES W CC,12348,49385.50275,9794.586897,7921.658892
670 - TRANSURETHRAL PROCEDURES W/O CC/MCC,2703,35769.7832,7361.211987,5682.628561
671 - URETHRAL PROCEDURES W CC/MCC,408,60459.08088,12670.76961,10901.19853
672 - URETHRAL PROCEDURES W/O CC/MCC,202,43498.30693,8881.717822,6564.163366
673 - OTHER KIDNEY & URINARY TRACT PROCEDURES W MCC,7869,114425.3647,26739.41454,23849.82882
674 - OTHER KIDNEY & URINARY TRACT PROCEDURES W CC,5185,76232.89682,17404.46056,14977.33616
675 - OTHER KIDNEY & URINARY TRACT PROCEDURES W/O CC/MCC,510,56250.9,12159.02157,10018.28039
682 - RENAL FAILURE W MCC,112820,46361.07712,11081.93828,9549.765113
683 - RENAL FAILURE W CC,137183,29354.3945,6976.907613,5556.088772
684 - RENAL FAILURE W/O CC/MCC,19082,20978.48879,4840.993607,3476.89891
685 - ADMIT FOR RENAL DIALYSIS,84,35655.26191,8429.226191,7372.666667
686 - KIDNEY & URINARY TRACT NEOPLASMS W MCC,1683,59098.55734,13931.14914,11753.3779
687 - KIDNEY & URINARY TRACT NEOPLASMS W CC,2676,37313.17676,8251.229073,6786.105755
688 - KIDNEY & URINARY TRACT NEOPLASMS W/O CC/MCC,314,31272.44905,5883.901274,4208.315287
689 - KIDNEY & URINARY TRACT INFECTIONS W MCC,85597,34021.67594,7798.807891,6480.682431
690 - KIDNEY & URINARY TRACT INFECTIONS W/O MCC,141441,26037.44663,5976.662036,4641.611301
691 - URINARY STONES W ESW LITHOTRIPSY W CC/MCC,484,48715.26446,11361.19835,9036.692149
692 - URINARY STONES W ESW LITHOTRIPSY W/O CC/MCC,47,39084.46809,8848.340426,6860.574468
693 - URINARY STONES W/O ESW LITHOTRIPSY W MCC,2570,48143.17782,10381.7323,8345.267315
694 - URINARY STONES W/O ESW LITHOTRIPSY W/O MCC,16130,29802.69417,5900.143521,4207.537012
695 - KIDNEY & URINARY TRACT SIGNS & SYMPTOMS W MCC,1433,36768.30496,9499.118632,8234.478018
696 - KIDNEY & URINARY TRACT SIGNS & SYMPTOMS W/O MCC,6848,23139.64734,5586.053008,4307.25219
697 - URETHRAL STRICTURE,462,33178.79654,6981.536797,5382.606061
698 - OTHER KIDNEY & URINARY TRACT DIAGNOSES W MCC,58190,50268.71255,12033.08077,10260.54463
699 - OTHER KIDNEY & URINARY TRACT DIAGNOSES W CC,34955,34340.91543,8610.463281,6954.568131
700 - OTHER KIDNEY & URINARY TRACT DIAGNOSES W/O CC/MCC,4496,25980.44061,6225.803826,4678.325623
707 - MAJOR MALE PELVIC PROCEDURES W CC/MCC,5436,70277.92163,15179.93506,11275.4369
708 - MAJOR MALE PELVIC PROCEDURES W/O CC/MCC,15429,56759.63996,11168.11401,7664.199106
709 - PENIS PROCEDURES W CC/MCC,457,71020.28009,18349.34573,15635.26039
710 - PENIS PROCEDURES W/O CC/MCC,253,56137.50198,12800.62055,9766.644269
711 - TESTES PROCEDURES W CC/MCC,498,70630.20281,16821.56426,14387.90161
712 - TESTES PROCEDURES W/O CC/MCC,106,39624.9717,8157.773585,6597.735849
713 - TRANSURETHRAL PROSTATECTOMY W CC/MCC,5401,50470.0524,12112.91205,10260.9676
714 - TRANSURETHRAL PROSTATECTOMY W/O CC/MCC,2071,32594.27764,6824.535973,4959.223564
715 - OTHER MALE REPRODUCTIVE SYSTEM O.R. PROC FOR MALIGNANCY W CC/MCC,406,78269.59852,16681.67241,13654.99507
716 - OTHER MALE REPRODUCTIVE SYSTEM O.R. PROC FOR MALIGNANCY W/O CC/MCC,197,58769.30457,10793.34518,7056.563452
717 - OTHER MALE REPRODUCTIVE SYSTEM O.R. PROC EXC MALIGNANCY W CC/MCC,1099,72973.42675,14000.59418,11369.32848
718 - OTHER MALE REPRODUCTIVE SYSTEM O.R. PROC EXC MALIGNANCY W/O CC/MCC,339,50800.02655,8970.050148,6483.356932
"722 - MALIGNANCY, MALE REPRODUCTIVE SYSTEM W MCC",898,58010.63252,14091.71492,11846.82739
"723 - MALIGNANCY, MALE REPRODUCTIVE SYSTEM W CC",1543,37963.26377,8796.885937,7105.373299
"724 - MALIGNANCY, MALE REPRODUCTIVE SYSTEM W/O CC/MCC",100,25604.01,6927.32,5186.53
725 - BENIGN PROSTATIC HYPERTROPHY W MCC,740,39673.48784,10140.03243,8580.686487
726 - BENIGN PROSTATIC HYPERTROPHY W/O MCC,2765,25333.18192,5901.626401,4508.198915
727 - INFLAMMATION OF THE MALE REPRODUCTIVE SYSTEM W MCC,1578,46214.87643,10541.89671,8943.006971
728 - INFLAMMATION OF THE MALE REPRODUCTIVE SYSTEM W/O MCC,4865,26210.5369,6401.654265,4786.866598
729 - OTHER MALE REPRODUCTIVE SYSTEM DIAGNOSES W CC/MCC,684,34805.05263,8719.095029,7316.976608
730 - OTHER MALE REPRODUCTIVE SYSTEM DIAGNOSES W/O CC/MCC,131,19747.12214,5556.175573,3986.206107
"734 - PELVIC EVISCERATION, RAD HYSTERECTOMY & RAD VULVECTOMY W CC/MCC",1193,91030.11651,23523.57167,19815.3948
"735 - PELVIC EVISCERATION, RAD HYSTERECTOMY & RAD VULVECTOMY W/O CC/MCC",705,56897.90497,10275.10355,8361.029787
736 - UTERINE & ADNEXA PROC FOR OVARIAN OR ADNEXAL MALIGNANCY W MCC,660,143189.4576,36120.74546,31100.16061
737 - UTERINE & ADNEXA PROC FOR OVARIAN OR ADNEXAL MALIGNANCY W CC,2558,77271.33816,17055.23847,13510.4441
738 - UTERINE & ADNEXA PROC FOR OVARIAN OR ADNEXAL MALIGNANCY W/O CC/MCC,564,53650.5656,11433.22518,9052.597518
"739 - UTERINE,ADNEXA PROC FOR NON-OVARIAN/ADNEXAL MALIG W MCC",575,130425.767,31986.13739,27699.9113
"740 - UTERINE,ADNEXA PROC FOR NON-OVARIAN/ADNEXAL MALIG W CC",2562,68867.05972,14833.07338,11984.10031
"741 - UTERINE,ADNEXA PROC FOR NON-OVARIAN/ADNEXAL MALIG W/O CC/MCC",2022,54489.00594,10293.07666,8076.557864
742 - UTERINE & ADNEXA PROC FOR NON-MALIGNANCY W CC/MCC,4847,63926.46565,13617.18135,10858.63318
743 - UTERINE & ADNEXA PROC FOR NON-MALIGNANCY W/O CC/MCC,7281,42236.73204,8565.60912,6207.878725
"744 - D&C, CONIZATION, LAPAROSCOPY & TUBAL INTERRUPTION W CC/MCC",1411,61918.67541,14216.88377,12000.61658
"745 - D&C, CONIZATION, LAPAROSCOPY & TUBAL INTERRUPTION W/O CC/MCC",300,43214.98667,9332.343333,7366.176667
"746 - VAGINA, CERVIX & VULVA PROCEDURES W CC/MCC",1476,61099.21071,12947.16192,10639.91531
"747 - VAGINA, CERVIX & VULVA PROCEDURES W/O CC/MCC",1548,36849.64083,8301.944444,6373.0646
748 - FEMALE REPRODUCTIVE SYSTEM RECONSTRUCTIVE PROCEDURES,1872,46892.14263,9670.004808,7398.833333
749 - OTHER FEMALE REPRODUCTIVE SYSTEM O.R. PROCEDURES W CC/MCC,861,92847.29268,23180.58769,19664.88618
750 - OTHER FEMALE REPRODUCTIVE SYSTEM O.R. PROCEDURES W/O CC/MCC,178,46493.04494,11007.0618,8667.803371
"754 - MALIGNANCY, FEMALE REPRODUCTIVE SYSTEM W MCC",1678,61234.12217,15302.74672,13210.58939
"755 - MALIGNANCY, FEMALE REPRODUCTIVE SYSTEM W CC",2752,37639.06904,9093.343023,7506.822674
"756 - MALIGNANCY, FEMALE REPRODUCTIVE SYSTEM W/O CC/MCC",219,32268.98174,7261.506849,5779.223744
"757 - INFECTIONS, FEMALE REPRODUCTIVE SYSTEM W MCC",959,44805.9927,10927.53493,9476.520334
"758 - INFECTIONS, FEMALE REPRODUCTIVE SYSTEM W CC",1438,33479.46662,8346.371349,6844.68637
"759 - INFECTIONS, FEMALE REPRODUCTIVE SYSTEM W/O CC/MCC",489,23498.58487,5775.548057,4435.137014
760 - MENSTRUAL & OTHER FEMALE REPRODUCTIVE SYSTEM DISORDERS W CC/MCC,1692,29543.85875,7139.198582,5643.260638
761 - MENSTRUAL & OTHER FEMALE REPRODUCTIVE SYSTEM DISORDERS W/O CC/MCC,338,19551.04142,4913.89645,3488.482249
765 - CESAREAN SECTION W CC/MCC,3771,36096.18006,10407.75179,8079.980642
766 - CESAREAN SECTION W/O CC/MCC,2172,25241.05939,6926.660221,4985.014733
767 - VAGINAL DELIVERY W STERILIZATION &/OR D&C,381,31991.4357,8680.569554,7022.616798
768 - VAGINAL DELIVERY W O.R. PROC EXCEPT STERIL &/OR D&C,20,120671.4,20446.8,18354.55
769 - POSTPARTUM & POST ABORTION DIAGNOSES W O.R. PROCEDURE,117,57177.19658,16896.70086,14353.12821
"770 - ABORTION W D&C, ASPIRATION CURETTAGE OR HYSTEROTOMY",112,38081.73214,10090.01786,8255.6875
774 - VAGINAL DELIVERY W COMPLICATING DIAGNOSES,1790,21962.18101,7818.282682,5812.126816
775 - VAGINAL DELIVERY W/O COMPLICATING DIAGNOSES,5123,15743.89674,5605.077299,3869.063439
776 - POSTPARTUM & POST ABORTION DIAGNOSES W/O O.R. PROCEDURE,461,22102.3449,6700.678959,5666.830803
777 - ECTOPIC PREGNANCY,80,35389.2875,7984.375,6471.8625
778 - THREATENED ABORTION,220,14719.78182,6354.609091,4645.236364
779 - ABORTION W/O D&C,61,24040.59016,6735.065574,5308.606557
780 - FALSE LABOR,47,10275.82979,5510.12766,4050.021277
781 - OTHER ANTEPARTUM DIAGNOSES W MEDICAL COMPLICATIONS,2542,24657.20378,7900.63454,6191.312746
782 - OTHER ANTEPARTUM DIAGNOSES W/O MEDICAL COMPLICATIONS,78,15438.33333,4892.551282,3410.615385
799 - SPLENECTOMY W MCC,492,160299.4675,40916.07927,36238.30285
800 - SPLENECTOMY W CC,368,91704.1413,22656.25544,18685.98641
801 - SPLENECTOMY W/O CC/MCC,183,54240.47541,12234.87978,10285.21858
802 - OTHER O.R. PROC OF THE BLOOD & BLOOD FORMING ORGANS W MCC,904,116137.5553,28827.50553,25044.70243
803 - OTHER O.R. PROC OF THE BLOOD & BLOOD FORMING ORGANS W CC,1032,61149.97965,14054.93217,11711.34496
804 - OTHER O.R. PROC OF THE BLOOD & BLOOD FORMING ORGANS W/O CC/MCC,508,49406.75984,10578.49803,7941.15748
808 - MAJOR HEMATOL/IMMUN DIAG EXC SICKLE CELL CRISIS & COAGUL W MCC,7580,70462.58219,18241.42599,15657.83259
809 - MAJOR HEMATOL/IMMUN DIAG EXC SICKLE CELL CRISIS & COAGUL W CC,14411,39995.26084,9936.346402,8071.151967
810 - MAJOR HEMATOL/IMMUN DIAG EXC SICKLE CELL CRISIS & COAGUL W/O CC/MCC,1945,33916.21285,8150.418509,6479.859126
811 - RED BLOOD CELL DISORDERS W MCC,26139,43961.39248,10599.49723,8947.428019
812 - RED BLOOD CELL DISORDERS W/O MCC,58905,29086.92817,6949.001154,5476.94812
813 - COAGULATION DISORDERS,15732,59656.07539,16877.44864,14865.22324
814 - RETICULOENDOTHELIAL & IMMUNITY DISORDERS W MCC,1645,57938.53374,15336.42857,12294.17021
815 - RETICULOENDOTHELIAL & IMMUNITY DISORDERS W CC,2584,34884.56811,7954.032121,6255.293344
816 - RETICULOENDOTHELIAL & IMMUNITY DISORDERS W/O CC/MCC,834,27505.98561,6346.36211,4466.96283
820 - LYMPHOMA & LEUKEMIA W MAJOR O.R. PROCEDURE W MCC,925,205164.067,52106.57297,47371.09081
821 - LYMPHOMA & LEUKEMIA W MAJOR O.R. PROCEDURE W CC,1135,89934.2652,20702.84934,17140.64229
822 - LYMPHOMA & LEUKEMIA W MAJOR O.R. PROCEDURE W/O CC/MCC,930,52702.35376,11064.68925,8386.195699
823 - LYMPHOMA & NON-ACUTE LEUKEMIA W OTHER PROC W MCC,2536,168464.5138,41394.66956,35595.25907
824 - LYMPHOMA & NON-ACUTE LEUKEMIA W OTHER O.R. PROC W CC,2572,83091.95762,18932.4063,15778.23678
825 - LYMPHOMA & NON-ACUTE LEUKEMIA W OTHER PROC W/O CC/MCC,785,55378.21019,11680.61529,9074.184713
826 - MYELOPROLIF DISORD OR POORLY DIFF NEOPL W MAJ O.R. PROC W MCC,735,182236.7742,43692.60952,36767.03265
827 - MYELOPROLIF DISORD OR POORLY DIFF NEOPL W MAJ O.R. PROC W CC,1331,87594.32457,20764.49962,17329.70849
828 - MYELOPROLIF DISORD OR POORLY DIFF NEOPL W MAJ O.R. PROC W/O CC/MCC,780,65358.2,13374.06667,10565.61026
829 - MYELOPROLIFERATIVE DISORDERS OR POORLY DIFFERENTIATED NEOPLASMS W OT,1630,125467.735,33026.73742,27299.03804
830 - MYELOPROLIF DISORD OR POORLY DIFF NEOPL W OTHER O.R. PROC W/O CC/MCC,400,56924.29,13036.27,10128.07
834 - ACUTE LEUKEMIA W/O MAJOR O.R. PROCEDURE W MCC,3355,193749.3353,55085.48137,47072.17109
835 - ACUTE LEUKEMIA W/O MAJOR O.R. PROCEDURE W CC,1703,72109.75044,20105.80564,16809.54492
836 - ACUTE LEUKEMIA W/O MAJOR O.R. PROCEDURE W/O CC/MCC,417,42696.88249,11014.31655,8131.553957
837 - CHEMO W ACUTE LEUKEMIA AS SDX OR W HIGH DOSE CHEMO AGENT W MCC,1722,183593.8113,56892.8345,49158.26655
838 - CHEMO W ACUTE LEUKEMIA AS SDX W CC OR HIGH DOSE CHEMO AGENT,1039,83054.07219,26369.26179,21537.25505
839 - CHEMO W ACUTE LEUKEMIA AS SDX W/O CC/MCC,821,42797.14007,12893.96955,10216.60536
840 - LYMPHOMA & NON-ACUTE LEUKEMIA W MCC,9488,107819.5194,27008.90641,23319.32167
841 - LYMPHOMA & NON-ACUTE LEUKEMIA W CC,7961,56917.71649,13836.27698,11529.33551
842 - LYMPHOMA & NON-ACUTE LEUKEMIA W/O CC/MCC,1760,41664.22841,9522.945455,7575.518182
843 - OTHER MYELOPROLIF DIS OR POORLY DIFF NEOPL DIAG W MCC,2173,63133.60561,15169.85964,12855.00414
844 - OTHER MYELOPROLIF DIS OR POORLY DIFF NEOPL DIAG W CC,2089,41575.90857,9701.791288,7839.621829
845 - OTHER MYELOPROLIF DIS OR POORLY DIFF NEOPL DIAG W/O CC/MCC,391,31899.52174,7103.455243,5372.976982
846 - CHEMOTHERAPY W/O ACUTE LEUKEMIA AS SECONDARY DIAGNOSIS W MCC,3669,97276.21723,24956.04524,21005.16435
847 - CHEMOTHERAPY W/O ACUTE LEUKEMIA AS SECONDARY DIAGNOSIS W CC,13725,48223.258,11688.28619,9550.797013
848 - CHEMOTHERAPY W/O ACUTE LEUKEMIA AS SECONDARY DIAGNOSIS W/O CC/MCC,312,30474.08013,8129.391026,6566.11218
849 - RADIOTHERAPY,469,70211.02132,16860.8081,14426.49467
853 - INFECTIOUS & PARASITIC DISEASES W O.R. PROCEDURE W MCC,82328,166016.5389,38998.14822,34952.52989
854 - INFECTIOUS & PARASITIC DISEASES W O.R. PROCEDURE W CC,18781,78285.73356,17533.1756,14821.13546
855 - INFECTIOUS & PARASITIC DISEASES W O.R. PROCEDURE W/O CC/MCC,310,54361.87419,12042.95807,9550.329032
856 - POSTOPERATIVE OR POST-TRAUMATIC INFECTIONS W O.R. PROC W MCC,8176,140511.5954,35961.63124,31588.58097
857 - POSTOPERATIVE OR POST-TRAUMATIC INFECTIONS W O.R. PROC W CC,9885,65097.08397,15775.67173,13389.49024
858 - POSTOPERATIVE OR POST-TRAUMATIC INFECTIONS W O.R. PROC W/O CC/MCC,1308,45660.77217,11194.9419,9104.090214
862 - POSTOPERATIVE & POST-TRAUMATIC INFECTIONS W MCC,11278,58824.26574,14274.42224,12097.07439
863 - POSTOPERATIVE & POST-TRAUMATIC INFECTIONS W/O MCC,10903,30642.77566,7885.953132,6430.617078
864 - FEVER,10778,30308.8188,6868.122936,5342.588792
865 - VIRAL ILLNESS W MCC,3243,45584.30497,11135.75887,9100.369719
866 - VIRAL ILLNESS W/O MCC,6903,28643.32754,6533.321165,4728.895553
867 - OTHER INFECTIOUS & PARASITIC DISEASES DIAGNOSES W MCC,2816,68117.36328,20722.39169,17755.13317
868 - OTHER INFECTIOUS & PARASITIC DISEASES DIAGNOSES W CC,2247,35239.66266,8968.372052,6901.427236
869 - OTHER INFECTIOUS & PARASITIC DISEASES DIAGNOSES W/O CC/MCC,537,25470.55494,5761.798883,4040.499069
870 - SEPTICEMIA OR SEVERE SEPSIS W MV >96 HOURS,33172,202494.4102,44945.97564,40956.61766
871 - SEPTICEMIA OR SEVERE SEPSIS W/O MV >96 HOURS W MCC,598649,59403.85071,13326.39152,11549.59657
872 - SEPTICEMIA OR SEVERE SEPSIS W/O MV >96 HOURS W/O MCC,160020,34590.66509,7940.036121,6281.107487
876 - O.R. PROCEDURE W PRINCIPAL DIAGNOSES OF MENTAL ILLNESS,713,92165.97335,27682.13184,24407.91865
880 - ACUTE ADJUSTMENT REACTION & PSYCHOSOCIAL DYSFUNCTION,7360,28247.40707,6335.493342,4844.038044
881 - DEPRESSIVE NEUROSES,4730,17753.81438,5691.362791,4403.645666
882 - NEUROSES EXCEPT DEPRESSIVE,2193,21760.48016,6181.625171,4738.294574
883 - DISORDERS OF PERSONALITY & IMPULSE CONTROL,1227,28994.65933,11302.32029,9456.281174
884 - ORGANIC DISTURBANCES & INTELLECTUAL DISABILITY,19737,37182.08446,9801.086335,8127.209049
885 - PSYCHOSES,74406,25941.17602,9189.566782,7616.543142
886 - BEHAVIORAL & DEVELOPMENTAL DISORDERS,341,26231.14956,7677.785924,5741.55132
887 - OTHER MENTAL DISORDER DIAGNOSES,405,32529.31358,8006.587654,6328.007407
"894 - ALCOHOL/DRUG ABUSE OR DEPENDENCE, LEFT AMA",5078,14642.564,4697.819811,3665.405672
895 - ALCOHOL/DRUG ABUSE OR DEPENDENCE W REHABILITATION THERAPY,8668,18398.87367,9165.689202,8124.699469
896 - ALCOHOL/DRUG ABUSE OR DEPENDENCE W/O REHABILITATION THERAPY W MCC,9599,52720.74935,12997.03594,11105.4787
897 - ALCOHOL/DRUG ABUSE OR DEPENDENCE W/O REHABILITATION THERAPY W/O MCC,35821,21954.28009,6407.284582,5068.696379
901 - WOUND DEBRIDEMENTS FOR INJURIES W MCC,1318,146261.4537,39195.18589,34438.8346
902 - WOUND DEBRIDEMENTS FOR INJURIES W CC,2495,65521.12345,16140.13587,13611.12625
903 - WOUND DEBRIDEMENTS FOR INJURIES W/O CC/MCC,918,43449.26689,9733.22658,8057.327887
904 - SKIN GRAFTS FOR INJURIES W CC/MCC,577,109512.7886,28044.69844,24160.55113
905 - SKIN GRAFTS FOR INJURIES W/O CC/MCC,126,60212.07143,11722.97619,9252.674603
906 - HAND PROCEDURES FOR INJURIES,484,68689.68182,13925.17355,11659.15703
907 - OTHER O.R. PROCEDURES FOR INJURIES W MCC,7864,137481.6981,31881.70104,28298.98372
908 - OTHER O.R. PROCEDURES FOR INJURIES W CC,9102,66342.59701,15604.87124,13375.78994
909 - OTHER O.R. PROCEDURES FOR INJURIES W/O CC/MCC,3358,45174.06343,10236.03782,8230.405896
913 - TRAUMATIC INJURY W MCC,751,48653.48735,10358.33156,8548.070573
914 - TRAUMATIC INJURY W/O MCC,2546,30211.93951,6429.574627,4771.700314
915 - ALLERGIC REACTIONS W MCC,2421,55342.52871,12678.62908,10663.86865
916 - ALLERGIC REACTIONS W/O MCC,4185,20911.70227,5075.175866,3510.905854
917 - POISONING & TOXIC EFFECTS OF DRUGS W MCC,33868,48088.39684,11139.50449,9440.203378
918 - POISONING & TOXIC EFFECTS OF DRUGS W/O MCC,21234,25746.23255,5925.37666,4550.271263
919 - COMPLICATIONS OF TREATMENT W MCC,12756,61879.14981,15186.74859,12918.23754
920 - COMPLICATIONS OF TREATMENT W CC,13241,33981.22853,8315.704781,6746.806963
921 - COMPLICATIONS OF TREATMENT W/O CC/MCC,3150,24376.43492,5852.749524,4460.414286
"922 - OTHER INJURY, POISONING & TOXIC EFFECT DIAG W MCC",1457,50775.59575,12096.20728,10106.50652
"923 - OTHER INJURY, POISONING & TOXIC EFFECT DIAG W/O MCC",1888,28362.61653,7134.57839,5537.291843
927 - EXTENSIVE BURNS OR FULL THICKNESS BURNS W MV >96 HRS W SKIN GRAFT,180,612708.4667,152092.6278,139416.8111
928 - FULL THICKNESS BURN W SKIN GRAFT OR INHAL INJ W CC/MCC,1125,184683.5982,50973.97778,44726.93511
929 - FULL THICKNESS BURN W SKIN GRAFT OR INHAL INJ W/O CC/MCC,316,92102.06013,23534.45886,19266.91772
933 - EXTENSIVE BURNS OR FULL THICKNESS BURNS W MV >96 HRS W/O SKIN GRAFT,131,101391.0229,32157.12214,29389.67939
934 - FULL THICKNESS BURN W/O SKIN GRFT OR INHAL INJ,491,54300.75764,15866.48676,13246.70265
935 - NON-EXTENSIVE BURNS,1848,59035.64989,16556.09578,13558.78409
939 - O.R. PROC W DIAGNOSES OF OTHER CONTACT W HEALTH SERVICES W MCC,1147,110997.9625,28424.96338,25228.26766
940 - O.R. PROC W DIAGNOSES OF OTHER CONTACT W HEALTH SERVICES W CC,2045,69860.14866,16283.10611,13969.22738
941 - O.R. PROC W DIAGNOSES OF OTHER CONTACT W HEALTH SERVICES W/O CC/MCC,1104,57797.08967,11763.63044,9665.213768
945 - REHABILITATION W CC/MCC,1650,19212.75576,13637.28546,12521.84667
946 - REHABILITATION W/O CC/MCC,373,18846.7748,10882.97855,9843.479893
947 - SIGNS & SYMPTOMS W MCC,10784,38807.14846,9217.146421,7749.328264
948 - SIGNS & SYMPTOMS W/O MCC,35121,26723.67729,6165.914239,4796.820051
949 - AFTERCARE W CC/MCC,2498,38725.27822,11468.21017,9675.286229
950 - AFTERCARE W/O CC/MCC,458,22354.26638,8595.157205,7135.050218
951 - OTHER FACTORS INFLUENCING HEALTH STATUS,583,27142.84906,8653.888508,6980.970841
955 - CRANIOTOMY FOR MULTIPLE SIGNIFICANT TRAUMA,490,231399.3674,51197.41633,45294.78571
"956 - LIMB REATTACHMENT, HIP & FEMUR PROC FOR MULTIPLE SIGNIFICANT TRAUMA",5863,119731.1313,28593.26403,25543.29473
957 - OTHER O.R. PROCEDURES FOR MULTIPLE SIGNIFICANT TRAUMA W MCC,2302,273112.8302,64439.52172,55354.65074
958 - OTHER O.R. PROCEDURES FOR MULTIPLE SIGNIFICANT TRAUMA W CC,1799,149176.3446,34857.21679,27773.79155
959 - OTHER O.R. PROCEDURES FOR MULTIPLE SIGNIFICANT TRAUMA W/O CC/MCC,189,89263.92064,20986.75132,16339.49206
963 - OTHER MULTIPLE SIGNIFICANT TRAUMA W MCC,2796,98252.50036,23585.19635,19451.30079
964 - OTHER MULTIPLE SIGNIFICANT TRAUMA W CC,4378,52395.18662,12189.12243,9152.152581
965 - OTHER MULTIPLE SIGNIFICANT TRAUMA W/O CC/MCC,824,36594.45874,8207.89199,6055.510922
969 - HIV W EXTENSIVE O.R. PROCEDURE W MCC,551,201598.2178,54327.47187,49648.71325
970 - HIV W EXTENSIVE O.R. PROCEDURE W/O MCC,32,84575.84375,21303.6875,18605.4375
974 - HIV W MAJOR RELATED CONDITION W MCC,4731,97124.36483,24297.69478,21523.78208
975 - HIV W MAJOR RELATED CONDITION W CC,2578,46813.20016,11836.56788,9756.362684
976 - HIV W MAJOR RELATED CONDITION W/O CC/MCC,548,35217.74635,8333.344891,6494.136861
977 - HIV W OR W/O OTHER RELATED CONDITION,1650,42377.07091,11218.47758,9557.546061
981 - EXTENSIVE O.R. PROCEDURE UNRELATED TO PRINCIPAL DIAGNOSIS W MCC,30148,137738.1279,36176.25919,32434.50756
982 - EXTENSIVE O.R. PROCEDURE UNRELATED TO PRINCIPAL DIAGNOSIS W CC,15775,79695.71531,20085.74941,17413.03138
983 - EXTENSIVE O.R. PROCEDURE UNRELATED TO PRINCIPAL DIAGNOSIS W/O CC/MCC,3390,54031.51799,13850.76018,11210.49381
984 - PROSTATIC O.R. PROCEDURE UNRELATED TO PRINCIPAL DIAGNOSIS W MCC,371,108880.6523,24634.23989,22481.13477
985 - PROSTATIC O.R. PROCEDURE UNRELATED TO PRINCIPAL DIAGNOSIS W CC,482,61467.31743,13491.26971,11777.14315
986 - PROSTATIC O.R. PROCEDURE UNRELATED TO PRINCIPAL DIAGNOSIS W/O CC/MCC,120,38838.81667,8382.358333,6514.583333
987 - NON-EXTENSIVE O.R. PROC UNRELATED TO PRINCIPAL DIAGNOSIS W MCC,10020,118477.2211,27680.70409,24029.39421
988 - NON-EXTENSIVE O.R. PROC UNRELATED TO PRINCIPAL DIAGNOSIS W CC,8649,57144.21008,13506.4589,11215.2028
989 - NON-EXTENSIVE O.R. PROC UNRELATED TO PRINCIPAL DIAGNOSIS W/O CC/MCC,2088,37531.62835,8617.677682,6811.309387
